Stopword;Language;English translation;Needed in your language;Remove it from my language stopword list;Why? English comment/translation
de;DUTCH;the;;;
en;DUTCH;and;;;
van;DUTCH;of, from;yes;;principal meaning : trailer, fan
ik;DUTCH;I, the ego;;;
te;DUTCH;(1) chez, at etc, (2) to, (3) too;;;
dat;DUTCH;that, which;;;
die;DUTCH;that, those, who, which;;;
in;DUTCH;in, inside;;;
een;DUTCH;a, an, one;;;
hij;DUTCH;he;;;
het;DUTCH;the, it;;;
niet;DUTCH;not, nothing, naught;;;
zijn;DUTCH;(1) to be, being, (2) his, one's, its;;;
is;DUTCH;is;;;
was;DUTCH;(1) was, past tense of all persons sing. of 'zijn' (to be) (2) wax, (3) the washing, (4) rise of river;;;
op;DUTCH;on, upon, at, in, up, used up;;;
aan;DUTCH;on, upon, to (as dative);;;
met;DUTCH;with, by;;;
als;DUTCH;like, such as, when;;;
voor;DUTCH;(1) before, in front of, (2) furrow;;;
had;DUTCH;had, past tense all persons sing. of 'hebben' (have);;;
er;DUTCH;there;;;
maar;DUTCH;but, only;;;
om;DUTCH;round, about, for etc;;;
hem;DUTCH;him;;;
dan;DUTCH;then;;;
zou;DUTCH;should/would, past tense all persons sing. of 'zullen';;;
of;DUTCH;or, whether, if;;;
wat;DUTCH;what, something, anything;;;
mijn;DUTCH;possessive and noun 'mine';;;
men;DUTCH;people, 'one';;;
dit;DUTCH;this;;;
zo;DUTCH;so, thus, in this way;;;
door;DUTCH;through by;;;
over;DUTCH;over, across;;;
ze;DUTCH;she, her, they, them;;;
zich;DUTCH;oneself;;;
bij;DUTCH;(1) a bee, (2) by, near, at;;;
ook;DUTCH;also, too;;;
tot;DUTCH;till, until;;;
je;DUTCH;you;;;
mij;DUTCH;me;;;
uit;DUTCH;out of, from;;;
der;DUTCH;Old Dutch form of 'van der' still found in surnames;;;
daar;DUTCH;(1) there, (2) because;;;
haar;DUTCH;(1) her, their, them, (2) hair;;;
naar;DUTCH;(1) unpleasant, unwell etc, (2) towards, (3) as;;;
heb;DUTCH;present first person sing. of 'to have';;;
hoe;DUTCH;how, why;;;
heeft;DUTCH;present third person sing. of 'to have';;;
hebben;DUTCH;'to have' and various parts thereof;;;
deze;DUTCH;this;;;
u;DUTCH;you;;;
want;DUTCH;(1) for, (2) mitten, (3) rigging;;;
nog;DUTCH;yet, still;;;
zal;DUTCH;'shall', first and third person sing. of verb 'zullen' (will);;;
me;DUTCH;me;;;
zij;DUTCH;she, they;;;
nu;DUTCH;now;;;
ge;DUTCH;'thou', still used in Belgium and south Netherlands;;;
geen;DUTCH;none;;;
omdat;DUTCH;because;;;
iets;DUTCH;something, somewhat;;;
worden;DUTCH;to become, grow, get;;;
toch;DUTCH;yet, still;;;
al;DUTCH;all, every, each;yes;;part of arab names such as Al Mansur or Al Ghazi
waren;DUTCH;(1) 'were' (2) to wander, (3) wares, (3);;;
veel;DUTCH;much, many;;;
meer;DUTCH;(1) more, (2) lake;;;
doen;DUTCH;to do, to make;;;
toen;DUTCH;then, when;;;
moet;DUTCH;noun 'spot/mote' and present form of 'to must';;;
ben;DUTCH;(1) am, (2) 'are' in interrogative second person singular of 'to be';;;
zonder;DUTCH;without;;;
kan;DUTCH;noun 'can' and present form of 'to be able';;;
hun;DUTCH;their, them;yes;;hun (you know Attila etc.)
dus;DUTCH;so, consequently;;;
alles;DUTCH;all, everything, anything;;;
onder;DUTCH;under, beneath;;;
ja;DUTCH;yes, of course;;;
eens;DUTCH;once, one day;;;
hier;DUTCH;here;yes (probably);;yesterday
wie;DUTCH;who;;;
werd;DUTCH;imperfect third person sing. of 'become';;;
altijd;DUTCH;always;;;
doch;DUTCH;yet, but etc;;;
wordt;DUTCH;present third person sing. of 'become';;;
wezen;DUTCH;(1) to be, (2) 'been' as in 'been fishing', (3) orphans;;;
kunnen;DUTCH;to be able;;;
ons;DUTCH;us/our;;;
zelf;DUTCH;self;;;
tegen;DUTCH;against, towards, at;;;
na;DUTCH;after, near;;;
reeds;DUTCH;already;;;
wil;DUTCH;(1) present tense of 'want', (2) 'will', noun, (3) fender;;;
kon;DUTCH;could, past tense of 'to be able';;;
niets;DUTCH;nothing;;;
uw;DUTCH;your;;;
iemand;DUTCH;somebody;;;
geweest;DUTCH;been, past participle of 'be';;;
andere;DUTCH;other;;;
i;ENGLISH;subject, always in upper case of course;;;
me;ENGLISH;object;;;
my;ENGLISH;possessive adjective;;;
myself;ENGLISH;reflexive;;;
we;ENGLISH;subject;;;
our;ENGLISH;possessive adjective;;;
ours;ENGLISH;possessive pronoun;yes;;bear
ourselves;ENGLISH;reflexive;;;
you;ENGLISH;subject and object;;;
your;ENGLISH;possessive adjective;;;
yours;ENGLISH;possessive pronoun;;;
yourself;ENGLISH;reflexive (singular);;;
yourselves;ENGLISH;reflexive (plural);;;
he;ENGLISH;subject;;;
him;ENGLISH;object;;;
his;ENGLISH;possessive adjective and pronoun;;;
himself;ENGLISH;reflexive;;;
she;ENGLISH;subject;;;
her;ENGLISH;object and possessive adjective;;;
hers;ENGLISH;possessive pronoun;;;
herself;ENGLISH;reflexive;;;
it;ENGLISH;subject and object;;;
its;ENGLISH;possessive adjective;;;
itself;ENGLISH;reflexive;;;
they;ENGLISH;subject;;;
them;ENGLISH;object;;;
their;ENGLISH;possessive adjective;;;
theirs;ENGLISH;possessive pronoun;;;
themselves;ENGLISH;reflexive;;;
what;ENGLISH;;;;
which;ENGLISH;;;;
who;ENGLISH;;;;
whom;ENGLISH;;;;
this;ENGLISH;;;;
that;ENGLISH;;;;
these;ENGLISH;;;;
those;ENGLISH;;;;
am;ENGLISH;1st person, present;;;
is;ENGLISH;-s form (3rd person, present);;;
are;ENGLISH;present;yes;;unit of measurement (100 square meters)
was;ENGLISH;1st person, past;;;
were;ENGLISH;past;;;
be;ENGLISH;infinitive;;;
been;ENGLISH;past participle;;;
being;ENGLISH;-ing form;;;
have;ENGLISH;simple;;;
has;ENGLISH;-s form;;;
had;ENGLISH;past;;;
having;ENGLISH;-ing form;;;
do;ENGLISH;simple;yes;;in music, note C
does;ENGLISH;-s form;;;
did;ENGLISH;past;;;
doing;ENGLISH;-ing form;;;
would;ENGLISH;;;;
should;ENGLISH;;;;
could;ENGLISH;;;;
ought;ENGLISH;;;;
i'm;ENGLISH;;;;
you're;ENGLISH;;;;
he's;ENGLISH;;;;
she's;ENGLISH;;;;
it's;ENGLISH;;;;
we're;ENGLISH;;;;
they're;ENGLISH;;;;
i've;ENGLISH;;;;
you've;ENGLISH;;;;
we've;ENGLISH;;;;
they've;ENGLISH;;;;
i'd;ENGLISH;;;;
you'd;ENGLISH;;;;
he'd;ENGLISH;;;;
she'd;ENGLISH;;;;
we'd;ENGLISH;;;;
they'd;ENGLISH;;;;
i'll;ENGLISH;;;;
you'll;ENGLISH;;;;
he'll;ENGLISH;;;;
she'll;ENGLISH;;;;
we'll;ENGLISH;;;;
they'll;ENGLISH;;;;
isn't;ENGLISH;;;;
aren't;ENGLISH;;;;
wasn't;ENGLISH;;;;
weren't;ENGLISH;;;;
hasn't;ENGLISH;;;;
haven't;ENGLISH;;;;
hadn't;ENGLISH;;;;
doesn't;ENGLISH;;;;
don't;ENGLISH;;;;
didn't;ENGLISH;;;;
won't;ENGLISH;;;;
wouldn't;ENGLISH;;;;
shan't;ENGLISH;;;;
shouldn't;ENGLISH;;;;
can't;ENGLISH;;;;
cannot;ENGLISH;;;;
couldn't;ENGLISH;;;;
mustn't;ENGLISH;;;;
let's;ENGLISH;;;;
that's;ENGLISH;;;;
who's;ENGLISH;;;;
what's;ENGLISH;;;;
here's;ENGLISH;;;;
there's;ENGLISH;;;;
when's;ENGLISH;;;;
where's;ENGLISH;;;;
why's;ENGLISH;;;;
how's;ENGLISH;;;;
a;ENGLISH;;;;
an;ENGLISH;;yes;;means year
the;ENGLISH;;;;
and;ENGLISH;;;;
but;ENGLISH;;yes;;means goal
if;ENGLISH;;yes;;kind of tree
or;ENGLISH;;yes;;means gold
because;ENGLISH;;;;
as;ENGLISH;;yes;;means ace
until;ENGLISH;;;;
while;ENGLISH;;;;
of;ENGLISH;;;;
at;ENGLISH;;;;
by;ENGLISH;;;;
for;ENGLISH;;;;
with;ENGLISH;;;;
about;ENGLISH;;;;
against;ENGLISH;;;;
between;ENGLISH;;;;
into;ENGLISH;;;;
through;ENGLISH;;;;
during;ENGLISH;;;;
before;ENGLISH;;;;
after;ENGLISH;;;;
above;ENGLISH;;;;
below;ENGLISH;;;;
to;ENGLISH;;;;
from;ENGLISH;;;;
up;ENGLISH;;;;
down;ENGLISH;;;;
in;ENGLISH;;;;
out;ENGLISH;;;;
on;ENGLISH;;;;
off;ENGLISH;;;;
over;ENGLISH;;;;
under;ENGLISH;;;;
again;ENGLISH;;;;
further;ENGLISH;;;;
then;ENGLISH;;;;
once;ENGLISH;;yes;;unit of measurement (ounce) and sort of panther 
here;ENGLISH;;;;
there;ENGLISH;;;;
when;ENGLISH;;;;
where;ENGLISH;;;;
why;ENGLISH;;;;
how;ENGLISH;;;;
all;ENGLISH;;;;
any;ENGLISH;;;;
both;ENGLISH;;;;
each;ENGLISH;;;;
few;ENGLISH;;;;
more;ENGLISH;;yes (probably);;more is a synonym of maure, means moor or moorish
most;ENGLISH;;;;
other;ENGLISH;;;;
some;ENGLISH;;;;
such;ENGLISH;;;;
no;ENGLISH;;;;
nor;ENGLISH;;;;
not;ENGLISH;;;;
only;ENGLISH;;;;
own;ENGLISH;;;;
same;ENGLISH;;;;
so;ENGLISH;;;;
than;ENGLISH;;;;
too;ENGLISH;;;;
very;ENGLISH;;;;
olla;FINNISH;;;;
olen;FINNISH;;;;
olet;FINNISH;;;;
on;FINNISH;;;;
olemme;FINNISH;;;;
olette;FINNISH;;;;
ovat;FINNISH;;;;
ole;FINNISH;negative form;;;
oli;FINNISH;;;;
olisi;FINNISH;;;;
olisit;FINNISH;;;;
olisin;FINNISH;;;;
olisimme;FINNISH;;;;
olisitte;FINNISH;;;;
olisivat;FINNISH;;;;
olit;FINNISH;;;;
olin;FINNISH;;;;
olimme;FINNISH;;;;
olitte;FINNISH;;;;
olivat;FINNISH;;;;
ollut;FINNISH;;;;
olleet;FINNISH;;;;
en;FINNISH;negation;yes (probably);;frequent in name places such as Roissy-en-France
et;FINNISH;;;;
ei;FINNISH;;;;
emme;FINNISH;;;;
ette;FINNISH;;;;
eivät;FINNISH;;;;
minä;FINNISH;I;;;
minun;FINNISH;I;;;
minut;FINNISH;I;;;
minua;FINNISH;I;;;
minussa;FINNISH;I;;;
minusta;FINNISH;I;;;
minuun;FINNISH;I;;;
minulla;FINNISH;I;;;
minulta;FINNISH;I;;;
minulle;FINNISH;I;;;
sinä;FINNISH;you;;;
sinun;FINNISH;you;;;
sinut;FINNISH;you;;;
sinua;FINNISH;you;;;
sinussa;FINNISH;you;;;
sinusta;FINNISH;you;;;
sinuun;FINNISH;you;;;
sinulla;FINNISH;you;;;
sinulta;FINNISH;you;;;
sinulle;FINNISH;you;;;
hän;FINNISH;he she;;;
hänen;FINNISH;he she;;;
hänet;FINNISH;he she;;;
häntä;FINNISH;he she;;;
hänessä;FINNISH;he she;;;
hänestä;FINNISH;he she;;;
häneen;FINNISH;he she;;;
hänellä;FINNISH;he she;;;
häneltä;FINNISH;he she;;;
hänelle;FINNISH;he she;;;
me;FINNISH;we;;;
meidän;FINNISH;we;;;
meidät;FINNISH;we;;;
meitä;FINNISH;we;;;
meissä;FINNISH;we;;;
meistä;FINNISH;we;;;
meihin;FINNISH;we;;;
meillä;FINNISH;we;;;
meiltä;FINNISH;we;;;
meille;FINNISH;we;;;
te;FINNISH;you;;;
teidän;FINNISH;you;;;
teidät;FINNISH;you;;;
teitä;FINNISH;you;;;
teissä;FINNISH;you;;;
teistä;FINNISH;you;;;
teihin;FINNISH;you;;;
teillä;FINNISH;you;;;
teiltä;FINNISH;you;;;
teille;FINNISH;you;;;
he;FINNISH;they;;;
heidän;FINNISH;they;;;
heidät;FINNISH;they;;;
heitä;FINNISH;they;;;
heissä;FINNISH;they;;;
heistä;FINNISH;they;;;
heihin;FINNISH;they;;;
heillä;FINNISH;they;;;
heiltä;FINNISH;they;;;
heille;FINNISH;they;;;
tämä;FINNISH;this;;;
tämän;FINNISH;this;;;
tätä;FINNISH;this;;;
tässä;FINNISH;this;;;
tästä;FINNISH;this;;;
tähän;FINNISH;this;;;
tallä;FINNISH;this;;;
tältä;FINNISH;this;;;
tälle;FINNISH;this;;;
tänä;FINNISH;this;;;
täksi;FINNISH;this;;;
tuo;FINNISH;that;;;
tuon;FINNISH;that;;;
tuotä;FINNISH;that;;;
tuossa;FINNISH;that;;;
tuosta;FINNISH;that;;;
tuohon;FINNISH;that;;;
tuolla;FINNISH;that;;;
tuolta;FINNISH;that;;;
tuolle;FINNISH;that;;;
tuona;FINNISH;that;;;
tuoksi;FINNISH;that;;;
se;FINNISH;it;;;
sen;FINNISH;it;;;
sitä;FINNISH;it;;;
siinä;FINNISH;it;;;
siitä;FINNISH;it;;;
siihen;FINNISH;it;;;
sillä;FINNISH;it;;;
siltä;FINNISH;it;;;
sille;FINNISH;it;;;
sinä;FINNISH;it;;;
siksi;FINNISH;it;;;
nämä;FINNISH;these;;;
näiden;FINNISH;these;;;
näitä;FINNISH;these;;;
näissä;FINNISH;these;;;
näistä;FINNISH;these;;;
näihin;FINNISH;these;;;
näillä;FINNISH;these;;;
näiltä;FINNISH;these;;;
näille;FINNISH;these;;;
näinä;FINNISH;these;;;
näiksi;FINNISH;these;;;
nuo;FINNISH;those;;;
noiden;FINNISH;those;;;
noita;FINNISH;those;;;
noissa;FINNISH;those;;;
noista;FINNISH;those;;;
noihin;FINNISH;those;;;
noilla;FINNISH;those;;;
noilta;FINNISH;those;;;
noille;FINNISH;those;;;
noina;FINNISH;those;;;
noiksi;FINNISH;those;;;
ne;FINNISH;they;;;
niiden;FINNISH;they;;;
niitä;FINNISH;they;;;
niissä;FINNISH;they;;;
niistä;FINNISH;they;;;
niihin;FINNISH;they;;;
niillä;FINNISH;they;;;
niiltä;FINNISH;they;;;
niille;FINNISH;they;;;
niinä;FINNISH;they;;;
niiksi;FINNISH;they;;;
kuka;FINNISH;who;;;
kenen;FINNISH;who;;;
kenet;FINNISH;who;;;
ketä;FINNISH;who;;;
kenessä;FINNISH;who;;;
kenestä;FINNISH;who;;;
keneen;FINNISH;who;;;
kenellä;FINNISH;who;;;
keneltä;FINNISH;who;;;
kenelle;FINNISH;who;;;
kenenä;FINNISH;who;;;
keneksi;FINNISH;who;;;
ketkä;FINNISH;(pl);;;
keiden;FINNISH;(pl);;;
ketkä;FINNISH;(pl);;;
keitä;FINNISH;(pl);;;
keissä;FINNISH;(pl);;;
keistä;FINNISH;(pl);;;
keihin;FINNISH;(pl);;;
keillä;FINNISH;(pl);;;
keiltä;FINNISH;(pl);;;
keille;FINNISH;(pl);;;
keinä;FINNISH;(pl);;;
keiksi;FINNISH;(pl);;;
mikä;FINNISH;which what;;;
minkä;FINNISH;which what;;;
minkä;FINNISH;which what;;;
mitä;FINNISH;which what;;;
missä;FINNISH;which what;;;
mistä;FINNISH;which what;;;
mihin;FINNISH;which what;;;
millä;FINNISH;which what;;;
miltä;FINNISH;which what;;;
mille;FINNISH;which what;yes;;means thousand
minä;FINNISH;which what;;;
miksi;FINNISH;which what;;;
mitkä;FINNISH;(pl);;;
joka;FINNISH;who which;;;
jonka;FINNISH;who which;;;
jota;FINNISH;who which;;;
jossa;FINNISH;who which;;;
josta;FINNISH;who which;;;
johon;FINNISH;who which;;;
jolla;FINNISH;who which;;;
jolta;FINNISH;who which;;;
jolle;FINNISH;who which;;;
jona;FINNISH;who which;;;
joksi;FINNISH;who which;;;
jotka;FINNISH;(pl);;;
joiden;FINNISH;(pl);;;
joita;FINNISH;(pl);;;
joissa;FINNISH;(pl);;;
joista;FINNISH;(pl);;;
joihin;FINNISH;(pl);;;
joilla;FINNISH;(pl);;;
joilta;FINNISH;(pl);;;
joille;FINNISH;(pl);;;
joina;FINNISH;(pl);;;
joiksi;FINNISH;(pl);;;
että;FINNISH;that;;;
ja;FINNISH;and;;;
jos;FINNISH;if;;;
koska;FINNISH;because;;;
kuin;FINNISH;than;;;
mutta;FINNISH;but;;;
niin;FINNISH;so;;;
sekä;FINNISH;and;;;
sillä;FINNISH;for;;;
tai;FINNISH;or;;;
vaan;FINNISH;but;;;
vai;FINNISH;or;;;
vaikka;FINNISH;although;;;
kanssa;FINNISH;with;;;
mukaan;FINNISH;according to;;;
noin;FINNISH;about;;;
poikki;FINNISH;across;;;
yli;FINNISH;over, across;;;
kun;FINNISH;when;;;
niin;FINNISH;so;;;
nyt;FINNISH;now;;;
itse;FINNISH;self;;;
au;FRENCH;a + le;;yes probably;frequent in name places such as Port-au-Prince
aux;FRENCH;a + les;;yes probably;means also garlic (plural)
avec;FRENCH;with;;;
ce;FRENCH;this;;;
ces;FRENCH;these;;;
dans;FRENCH;with;;;
de;FRENCH;of;;;
des;FRENCH;de + les;;;
du;FRENCH;de + le;;;
elle;FRENCH;she;;;
en;FRENCH;`of them' etc;;yes probably;
et;FRENCH;and;;;
eux;FRENCH;them;;;
il;FRENCH;he;;;
je;FRENCH;I;;;
la;FRENCH;the;;;
le;FRENCH;the;;;
leur;FRENCH;their;;;
lui;FRENCH;him;;;
ma;FRENCH;my (fem);;;
mais;FRENCH;but;;;
me;FRENCH;me;;;
même;FRENCH;same, as in moi-même (myself) etc;;;
mes;FRENCH;me (pl);;;
moi;FRENCH;me;;;
mon;FRENCH;my (masc);;;
ne;FRENCH;not;;;
nos;FRENCH;our (pl);;;
notre;FRENCH;our;;;
nous;FRENCH;we;;;
on;FRENCH;one;;;
ou;FRENCH;where;;;
par;FRENCH;by;;;
pas;FRENCH;not;;yes probably;means also pace
pour;FRENCH;for;;;
qu;FRENCH;que before vowel;;;
que;FRENCH;that;;;
qui;FRENCH;who;;;
sa;FRENCH;his, her (fem);;;
se;FRENCH;oneself;;;
ses;FRENCH;his (pl);;;
son;FRENCH;his, her (masc);;yes probably;means also a part of the cereal
sur;FRENCH;on;;;
ta;FRENCH;thy (fem);;;
te;FRENCH;thee;;;
tes;FRENCH;thy (pl);;;
toi;FRENCH;thee;;;
ton;FRENCH;thy (masc);;;
tu;FRENCH;thou;;;
un;FRENCH;a;;;
une;FRENCH;a;;;
vos;FRENCH;your (pl);;;
votre;FRENCH;your;;;
vous;FRENCH;you;;;
c;FRENCH;c';;;
d;FRENCH;d';;;
j;FRENCH;j';;;
l;FRENCH;l';;;
à;FRENCH;to, at;;;
m;FRENCH;m';;;
n;FRENCH;n';;;
s;FRENCH;s';;;
t;FRENCH;t';;;
y;FRENCH;there;;;
été;FRENCH;;;yes probably;means summer
étée;FRENCH;;;yes because it does not exist;
étées;FRENCH;;;;
étés;FRENCH;;;;means summer (plural)
étant;FRENCH;;;;
suis;FRENCH;;;;
es;FRENCH;;;;
est;FRENCH;;;yes;means east
sommes;FRENCH;;;;
êtes;FRENCH;;;;
sont;FRENCH;;;;
serai;FRENCH;;;;
seras;FRENCH;;;;
sera;FRENCH;;;;
serons;FRENCH;;;;
serez;FRENCH;;;;
seront;FRENCH;;;;
serais;FRENCH;;;;
serait;FRENCH;;;;
serions;FRENCH;;;;
seriez;FRENCH;;;;
seraient;FRENCH;;;;
étais;FRENCH;;;yes;means stock or something (plural)
était;FRENCH;;;;
étions;FRENCH;;;;
étiez;FRENCH;;;;
étaient;FRENCH;;;;
fus;FRENCH;;;;
fut;FRENCH;;;;
fûmes;FRENCH;;;;
fûtes;FRENCH;;;;
furent;FRENCH;;;;
sois;FRENCH;;;;
soit;FRENCH;;;;
soyons;FRENCH;;;;
soyez;FRENCH;;;;
soient;FRENCH;;;;
fusse;FRENCH;;;;
fusses;FRENCH;;;;
fût;FRENCH;;;yes;means barrel
fussions;FRENCH;;;;
fussiez;FRENCH;;;;
fussent;FRENCH;;;;
ayant;FRENCH;;;yes probably;part of ayant droit, means a person entitled
eu;FRENCH;;;yes;place name in France
eue;FRENCH;;;;
eues;FRENCH;;;;
eus;FRENCH;;;yes;place name in France
ai;FRENCH;;;yes;specific part of the bookbinding
as;FRENCH;;;yes  ;means ace
avons;FRENCH;;;;
avez;FRENCH;;;;
ont;FRENCH;;;;
aurai;FRENCH;;;;
auras;FRENCH;;;;
aura;FRENCH;;;yes;means aura
aurons;FRENCH;;;;
aurez;FRENCH;;;;
auront;FRENCH;;;;
aurais;FRENCH;;;;
aurait;FRENCH;;;;
aurions;FRENCH;;;;
auriez;FRENCH;;;;
auraient;FRENCH;;;;
avais;FRENCH;;;;
avait;FRENCH;;;;
avions;FRENCH;;;yes;means planes
aviez;FRENCH;;;;
avaient;FRENCH;;;;
eut;FRENCH;;;;
eûmes;FRENCH;;;;
eûtes;FRENCH;;;;
eurent;FRENCH;;;;
aie;FRENCH;;;;
aies;FRENCH;;;;
ait;FRENCH;;;;
ayons;FRENCH;;;;
ayez;FRENCH;;;;
aient;FRENCH;;;;
eusse;FRENCH;;;;
eusses;FRENCH;;;;
eût;FRENCH;;;;
eussions;FRENCH;;;;
eussiez;FRENCH;;;;
eussent;FRENCH;;;;
ceci;FRENCH;this;;;
celà ;FRENCH;that;;;
cet;FRENCH;this;;;
cette;FRENCH;this;;yes  ;ancient name of Sète, place name
ici;FRENCH;here;;;
ils;FRENCH;they;;;
les;FRENCH;the (pl);;;
leurs;FRENCH;their (pl);;;
quel;FRENCH;which;;;
quels;FRENCH;which;;;
quelle;FRENCH;which;;;
quelles;FRENCH;which;;;
sans;FRENCH;without;;;
soi;FRENCH;oneself;;;
aber;GERMAN;but;;;
alle;GERMAN;all;;;
allem;GERMAN;;;;
allen;GERMAN;;;;
aller;GERMAN;;;;
alles;GERMAN;;;;
als;GERMAN;than, as;;;
also;GERMAN;so;;;
am;GERMAN;an + dem;;;
an;GERMAN;at;yes;;means year
ander;GERMAN;other;;;
andere;GERMAN;;;;
anderem;GERMAN;;;;
anderen;GERMAN;;;;
anderer;GERMAN;;;;
anderes;GERMAN;;;;
anderm;GERMAN;;;;
andern;GERMAN;;;;
anderr;GERMAN;;;;
anders;GERMAN;;;;
auch;GERMAN;also;yes;;place name in France
auf;GERMAN;on;;;
aus;GERMAN;out of;;;
bei;GERMAN;by;;;
bin;GERMAN;am;;;
bis;GERMAN;until;yes;;like bis, ter, quater...
bist;GERMAN;art;;;
da;GERMAN;there;;;
damit;GERMAN;with it;;;
dann;GERMAN;then;;;
der;GERMAN;the;;;
den;GERMAN;;;;
des;GERMAN;;;;
dem;GERMAN;;;;
die;GERMAN;;;;
das;GERMAN;;;;
daß;GERMAN;that;;;
derselbe;GERMAN;the same;;;
derselben;GERMAN;;;;
denselben;GERMAN;;;;
desselben;GERMAN;;;;
demselben;GERMAN;;;;
dieselbe;GERMAN;;;;
dieselben;GERMAN;;;;
dasselbe;GERMAN;;;;
dazu;GERMAN;to that;;;
dein;GERMAN;thy;;;
deine;GERMAN;;;;
deinem;GERMAN;;;;
deinen;GERMAN;;;;
deiner;GERMAN;;;;
deines;GERMAN;;;;
denn;GERMAN;because;;;
derer;GERMAN;of those;;;
dessen;GERMAN;of him;;;
dich;GERMAN;thee;;;
dir;GERMAN;to thee;;;
du;GERMAN;thou;;;
dies;GERMAN;this;;;
diese;GERMAN;;;;
diesem;GERMAN;;;;
diesen;GERMAN;;;;
dieser;GERMAN;;;;
dieses;GERMAN;;;;
doch;GERMAN;(several meanings);;;
dort;GERMAN;(over) there;;;
durch;GERMAN;through;;;
ein;GERMAN;a;;;
eine;GERMAN;;;;
einem;GERMAN;;;;
einen;GERMAN;;;;
einer;GERMAN;;;;
eines;GERMAN;;;;
einig;GERMAN;some;;;
einige;GERMAN;;;;
einigem;GERMAN;;;;
einigen;GERMAN;;;;
einiger;GERMAN;;;;
einiges;GERMAN;;;;
einmal;GERMAN;once;;;
er;GERMAN;he;;;
ihn;GERMAN;him;;;
ihm;GERMAN;to him;;;
es;GERMAN;it;;;
etwas;GERMAN;something;;;
euer;GERMAN;your;;;
eure;GERMAN;;;;
eurem;GERMAN;;;;
euren;GERMAN;;;;
eurer;GERMAN;;;;
eures;GERMAN;;;;
für;GERMAN;for;;;
gegen;GERMAN;towards;;;
gewesen;GERMAN;p.p. of sein;;;
hab;GERMAN;have;;;
habe;GERMAN;have;;;
haben;GERMAN;have;;;
hat;GERMAN;has;;;
hatte;GERMAN;had;;;
hatten;GERMAN;had;;;
hier;GERMAN;here;yes (probably);;means yesterday
hin;GERMAN;there;;;
hinter;GERMAN;behind;;;
ich;GERMAN;I;;;
mich;GERMAN;me;;;
mir;GERMAN;to me;;;
ihr;GERMAN;you, to her;;;
ihre;GERMAN;;;;
ihrem;GERMAN;;;;
ihren;GERMAN;;;;
ihrer;GERMAN;;;;
ihres;GERMAN;;;;
euch;GERMAN;to you;;;
im;GERMAN;in + dem;;;
in;GERMAN;in;;;
indem;GERMAN;while;;;
ins;GERMAN;in + das;;;
ist;GERMAN;is;;;
jede;GERMAN;each, every;;;
jedem;GERMAN;;;;
jeden;GERMAN;;;;
jeder;GERMAN;;;;
jedes;GERMAN;;;;
jene;GERMAN;that;;;
jenem;GERMAN;;;;
jenen;GERMAN;;;;
jener;GERMAN;;;;
jenes;GERMAN;;;;
jetzt;GERMAN;now;;;
kann;GERMAN;can;;;
kein;GERMAN;no;;;
keine;GERMAN;;;;
keinem;GERMAN;;;;
keinen;GERMAN;;;;
keiner;GERMAN;;;;
keines;GERMAN;;;;
können;GERMAN;can;;;
könnte;GERMAN;could;;;
machen;GERMAN;do;;;
man;GERMAN;one;yes;;place name (Island of Man)
manche;GERMAN;some, many a;yes;;place name in France and in Spain, means also the Channel, and sleeve
manchem;GERMAN;;;;
manchen;GERMAN;;;;
mancher;GERMAN;;;;
manches;GERMAN;;yes;;means sleeves
mein;GERMAN;my;;;
meine;GERMAN;;;;
meinem;GERMAN;;;;
meinen;GERMAN;;;;
meiner;GERMAN;;;;
meines;GERMAN;;;;
mit;GERMAN;with;;;
muss;GERMAN;must;;;
musste;GERMAN;had to;;;
nach;GERMAN;to(wards);;;
nicht;GERMAN;not;;;
nichts;GERMAN;nothing;;;
noch;GERMAN;still, yet;;;
nun;GERMAN;now;;;
nur;GERMAN;only;;;
ob;GERMAN;whether;;;
oder;GERMAN;or;;;
ohne;GERMAN;without;;;
sehr;GERMAN;very;;;
sein;GERMAN;his;yes;;means breast
seine;GERMAN;;yes;;place name and name of a river
seinem;GERMAN;;;;
seinen;GERMAN;;;;
seiner;GERMAN;;;;
seines;GERMAN;;;;
selbst;GERMAN;self;;;
sich;GERMAN;herself;;;
sie;GERMAN;they, she;;;
ihnen;GERMAN;to them;;;
sind;GERMAN;are;;;
so;GERMAN;so;;;
solche;GERMAN;such;;;
solchem;GERMAN;;;;
solchen;GERMAN;;;;
solcher;GERMAN;;;;
solches;GERMAN;;;;
soll;GERMAN;shall;;;
sollte;GERMAN;should;;;
sondern;GERMAN;but;;;
sonst;GERMAN;else;;;
über;GERMAN;over;;;
um;GERMAN;about, around;;;
und;GERMAN;and;;;
uns;GERMAN;us;;;
unse;GERMAN;;;;
unsem;GERMAN;;;;
unsen;GERMAN;;;;
unser;GERMAN;;;;
unses;GERMAN;;;;
unter;GERMAN;under;;;
viel;GERMAN;much;;;
vom;GERMAN;von + dem;;;
von;GERMAN;from;;;
vor;GERMAN;before;;;
während;GERMAN;while;;;
war;GERMAN;was;;;
waren;GERMAN;were;;;
warst;GERMAN;wast;;;
was;GERMAN;what;;;
weg;GERMAN;away, off;;;
weil;GERMAN;because;;;
weiter;GERMAN;further;;;
welche;GERMAN;which;;;
welchem;GERMAN;;;;
welchen;GERMAN;;;;
welcher;GERMAN;;;;
welches;GERMAN;;;;
wenn;GERMAN;when;;;
werde;GERMAN;will;;;
werden;GERMAN;will;;;
wie;GERMAN;how;;;
wieder;GERMAN;again;;;
will;GERMAN;want;;;
wir;GERMAN;we;;;
wird;GERMAN;will;;;
wirst;GERMAN;willst;;;
wo;GERMAN;where;;;
wollen;GERMAN;want;;;
wollte;GERMAN;wanted;;;
würde;GERMAN;would;;;
würden;GERMAN;would;;;
zu;GERMAN;to;;;
zum;GERMAN;zu + dem;;;
zur;GERMAN;zu + der;;;
zwar;GERMAN;indeed;;;
zwischen;GERMAN;between;;;
﻿μή;GREEK;;;;
ἑαυτοῦ;GREEK;;;;
ἄν;GREEK;;;;
ἀλλ’;GREEK;;;;
ἀλλά;GREEK;;;;
ἄλλοσ;GREEK;;;;
ἀπό;GREEK;;;;
ἄρα;GREEK;;;;
αὐτόσ;GREEK;;;;
δ’;GREEK;;;;
δέ;GREEK;;;;
δή;GREEK;;;;
διά;GREEK;;;;
δαί;GREEK;;;;
δαίσ;GREEK;;;;
ἔτι;GREEK;;;;
ἐγώ;GREEK;;;;
ἐκ;GREEK;;;;
ἐμόσ;GREEK;;;;
ἐν;GREEK;;;;
ἐπί;GREEK;;;;
εἰ;GREEK;;;;
εἰμί;GREEK;;;;
εἴμι;GREEK;;;;
εἰσ;GREEK;;;;
γάρ;GREEK;;;;
γε;GREEK;;;;
γα^;GREEK;;;;
ἡ;GREEK;;;;
ἤ;GREEK;;;;
καί;GREEK;;;;
κατά;GREEK;;;;
μέν;GREEK;;;;
μετά;GREEK;;;;
μή;GREEK;;;;
ὁ;GREEK;;;;
ὅδε;GREEK;;;;
ὅσ;GREEK;;;;
ὅστισ;GREEK;;;;
ὅτι;GREEK;;;;
οὕτωσ;GREEK;;;;
οὗτοσ;GREEK;;;;
οὔτε;GREEK;;;;
οὖν;GREEK;;;;
οὐδείσ;GREEK;;;;
οἱ;GREEK;;;;
οὐ;GREEK;;;;
οὐδέ;GREEK;;;;
οὐκ;GREEK;;;;
περί;GREEK;;;;
πρόσ;GREEK;;;;
σύ;GREEK;;;;
σύν;GREEK;;;;
τά;GREEK;;;;
τε;GREEK;;;;
τήν;GREEK;;;;
τῆσ;GREEK;;;;
τῇ;GREEK;;;;
τι;GREEK;;;;
τί;GREEK;;;;
τισ;GREEK;;;;
τίσ;GREEK;;;;
τό;GREEK;;;;
τοί;GREEK;;;;
τοιοῦτοσ;GREEK;;;;
τόν;GREEK;;;;
τούσ;GREEK;;;;
τοῦ;GREEK;;;;
τῶν;GREEK;;;;
τῷ;GREEK;;;;
ὑμόσ;GREEK;;;;
ὑπέρ;GREEK;;;;
ὑπό;GREEK;;;;
ὡσ;GREEK;;;;
ὦ;GREEK;;;;
ὥστε;GREEK;;;;
ἐάν;GREEK;;;;
παρά;GREEK;;;;
σόσ;GREEK;;;;
de;PORTUGUESE;of, from;;;
a;PORTUGUESE;the, to, at, her;;;
o;PORTUGUESE;the, him;;;
que;PORTUGUESE;who, that;;;
e;PORTUGUESE;and;;;
do;PORTUGUESE;de + o;yes  ;;note C
da;PORTUGUESE;de + a;;;
em;PORTUGUESE;in;;;
um;PORTUGUESE;a;;;
para;PORTUGUESE;for;;;
com;PORTUGUESE;with;;;
não;PORTUGUESE;not, no;;;
uma;PORTUGUESE;a;;;
os;PORTUGUESE;the, them;yes  ;;means bone
no;PORTUGUESE;em + o;;;
se;PORTUGUESE;himself etc;;;
na;PORTUGUESE;em + a;;;
por;PORTUGUESE;for;;;
mais;PORTUGUESE;more;;;
as;PORTUGUESE;the, them;yes  ;;means ace
dos;PORTUGUESE;de + os;yes  ;;means back
como;PORTUGUESE;as, like;;;
mas;PORTUGUESE;but;yes  ;; means farm (in the south)
ao;PORTUGUESE;a + o;;;
ele;PORTUGUESE;he;;;
das;PORTUGUESE;de + as;;;
à;PORTUGUESE;a + a;;;
seu;PORTUGUESE;his;;;
sua;PORTUGUESE;her;;;
ou;PORTUGUESE;or;;;
quando;PORTUGUESE;when;;;
muito;PORTUGUESE;much;;;
nos;PORTUGUESE;em + os, us;;;
já;PORTUGUESE;already, now;;;
eu;PORTUGUESE;I;;;
também;PORTUGUESE;also;;;
só;PORTUGUESE;only, just;;;
pelo;PORTUGUESE;per + o;;;
pela;PORTUGUESE;per + a;;;
até;PORTUGUESE;up to;;;
isso;PORTUGUESE;that;;;
ela;PORTUGUESE;he;;;
entre;PORTUGUESE;between;;;
depois;PORTUGUESE;after;;;
sem;PORTUGUESE;without;;;
mesmo;PORTUGUESE;same;;;
aos;PORTUGUESE;a + os;;;
seus;PORTUGUESE;his;;;
quem;PORTUGUESE;whom;;;
nas;PORTUGUESE;em + as;;;
me;PORTUGUESE;me;;;
esse;PORTUGUESE;that;yes (probably);;means linchpin (?)
eles;PORTUGUESE;they;;;
você;PORTUGUESE;you;;;
essa;PORTUGUESE;that;;;
num;PORTUGUESE;em + um;;;
nem;PORTUGUESE;nor;;;
suas;PORTUGUESE;her;;;
meu;PORTUGUESE;my;;;
às;PORTUGUESE;a + as;;;
minha;PORTUGUESE;my;;;
numa;PORTUGUESE;em + uma;;;
pelos;PORTUGUESE;per + os;;;
elas;PORTUGUESE;they;;;
qual;PORTUGUESE;which;;;
nós;PORTUGUESE;we;;;
lhe;PORTUGUESE;to him, her;;;
deles;PORTUGUESE;of them;;;
essas;PORTUGUESE;those;;;
esses;PORTUGUESE;those;;;
pelas;PORTUGUESE;per + as;;;
este;PORTUGUESE;this;yes  ;;family name
dele;PORTUGUESE;of him;;;
tu;PORTUGUESE;thou;;;
te;PORTUGUESE;thee;;;
vocês;PORTUGUESE;you (plural);;;
vos;PORTUGUESE;you;;;
lhes;PORTUGUESE;to them;;;
meus;PORTUGUESE;my;;;
minhas;PORTUGUESE;;;;
teu;PORTUGUESE;thy;;;
tua;PORTUGUESE;;;;
teus;PORTUGUESE;;;;
tuas;PORTUGUESE;;;;
nosso;PORTUGUESE;our;;;
nossa;PORTUGUESE;;;;
nossos;PORTUGUESE;;;;
nossas;PORTUGUESE;;;;
dela;PORTUGUESE;of her;;;
delas;PORTUGUESE;of them;;;
esta;PORTUGUESE;this;;;
estes;PORTUGUESE;these;;;
estas;PORTUGUESE;these;;;
aquele;PORTUGUESE;that;;;
aquela;PORTUGUESE;that;;;
aqueles;PORTUGUESE;those;;;
aquelas;PORTUGUESE;those;;;
isto;PORTUGUESE;this;;;
aquilo;PORTUGUESE;that;;;
estou;PORTUGUESE;;;;
está;PORTUGUESE;;;;
estamos;PORTUGUESE;;;;
estão;PORTUGUESE;;;;
estive;PORTUGUESE;;yes  ;;means summer pasture 
esteve;PORTUGUESE;;;;
estivemos;PORTUGUESE;;;;
estiveram;PORTUGUESE;;;;
estava;PORTUGUESE;;;;
estávamos;PORTUGUESE;;;;
estavam;PORTUGUESE;;;;
estivera;PORTUGUESE;;;;
estivéramos;PORTUGUESE;;;;
esteja;PORTUGUESE;;;;
estejamos;PORTUGUESE;;;;
estejam;PORTUGUESE;;;;
estivesse;PORTUGUESE;;;;
estivéssemos;PORTUGUESE;;;;
estivessem;PORTUGUESE;;;;
estiver;PORTUGUESE;;;;
estivermos;PORTUGUESE;;;;
estiverem;PORTUGUESE;;;;
hei;PORTUGUESE;;;;
há;PORTUGUESE;;;;
havemos;PORTUGUESE;;;;
hão;PORTUGUESE;;;;
houve;PORTUGUESE;;;;
houvemos;PORTUGUESE;;;;
houveram;PORTUGUESE;;;;
houvera;PORTUGUESE;;;;
houvéramos;PORTUGUESE;;;;
haja;PORTUGUESE;;;;
hajamos;PORTUGUESE;;;;
hajam;PORTUGUESE;;;;
houvesse;PORTUGUESE;;;;
houvéssemos;PORTUGUESE;;;;
houvessem;PORTUGUESE;;;;
houver;PORTUGUESE;;;;
houvermos;PORTUGUESE;;;;
houverem;PORTUGUESE;;;;
houverei;PORTUGUESE;;;;
houverá;PORTUGUESE;;;;
houveremos;PORTUGUESE;;;;
houverão;PORTUGUESE;;;;
houveria;PORTUGUESE;;;;
houveríamos;PORTUGUESE;;;;
houveriam;PORTUGUESE;;;;
sou;PORTUGUESE;;yes;;means money (approximatively)
somos;PORTUGUESE;;;;
são;PORTUGUESE;;;;
era;PORTUGUESE;;;;
éramos;PORTUGUESE;;;;
eram;PORTUGUESE;;;;
fui;PORTUGUESE;;;;
foi;PORTUGUESE;;;;
fomos;PORTUGUESE;;;;
foram;PORTUGUESE;;;;
fora;PORTUGUESE;;;;
fôramos;PORTUGUESE;;;;
seja;PORTUGUESE;;;;
sejamos;PORTUGUESE;;;;
sejam;PORTUGUESE;;;;
fosse;PORTUGUESE;;yes;;means pit or grave
fôssemos;PORTUGUESE;;;;
fossem;PORTUGUESE;;;;
for;PORTUGUESE;;yes;;Means ? 
formos;PORTUGUESE;;;;
forem;PORTUGUESE;;;;
serei;PORTUGUESE;;;;
será;PORTUGUESE;;;;
seremos;PORTUGUESE;;;;
serão;PORTUGUESE;;;;
seria;PORTUGUESE;;;;
seríamos;PORTUGUESE;;;;
seriam;PORTUGUESE;;;;
tenho;PORTUGUESE;;;;
tem;PORTUGUESE;;;;
temos;PORTUGUESE;;;;
tém;PORTUGUESE;;;;
tinha;PORTUGUESE;;;;
tínhamos;PORTUGUESE;;;;
tinham;PORTUGUESE;;;;
tive;PORTUGUESE;;;;
teve;PORTUGUESE;;;;
tivemos;PORTUGUESE;;;;
tiveram;PORTUGUESE;;;;
tivera;PORTUGUESE;;;;
tivéramos;PORTUGUESE;;;;
tenha;PORTUGUESE;;;;
tenhamos;PORTUGUESE;;;;
tenham;PORTUGUESE;;;;
tivesse;PORTUGUESE;;;;
tivéssemos;PORTUGUESE;;;;
tivessem;PORTUGUESE;;;;
tiver;PORTUGUESE;;;;
tivermos;PORTUGUESE;;;;
tiverem;PORTUGUESE;;;;
terei;PORTUGUESE;;;;
terá;PORTUGUESE;;;;
teremos;PORTUGUESE;;;;
terão;PORTUGUESE;;;;
teria;PORTUGUESE;;;;
teríamos;PORTUGUESE;;;;
teriam;PORTUGUESE;;;;
de;SPANISH;from, of;;;
la;SPANISH;the, her;;;
que;SPANISH;who, that;;;
el;SPANISH;the;;;
en;SPANISH;in;;;
y;SPANISH;and;;;
a;SPANISH;to;;;
los;SPANISH;the, them;;;
del;SPANISH;de + el;;;
se;SPANISH;himself, from him etc;;;
las;SPANISH;the, them;yes (probably);;means tired
por;SPANISH;for, by, etc;;;
un;SPANISH;a;;;
para;SPANISH;for;;;
con;SPANISH;with;;;
no;SPANISH;no;;;
una;SPANISH;a;;;
su;SPANISH;his, her;;;
al;SPANISH;a + el;;;
lo;SPANISH;him;;;
como;SPANISH;how;;;
más;SPANISH;more;;;
pero;SPANISH;pero;;;
sus;SPANISH;su plural;;;
le;SPANISH;to him, her;;;
ya;SPANISH;already;;;
o;SPANISH;or;;;
este;SPANISH;this;yes;;family name
sí;SPANISH;himself etc;;;
porque;SPANISH;because;;;
esta;SPANISH;this;;;
entre;SPANISH;between;;;
cuando;SPANISH;when;;;
muy;SPANISH;very;;;
sin;SPANISH;without;;;
sobre;SPANISH;on;;;
también;SPANISH;also;;;
me;SPANISH;me;;;
hasta;SPANISH;until;;;
hay;SPANISH;there is/are;;;
donde;SPANISH;where;;;
quien;SPANISH;whom, that;;;
desde;SPANISH;from;;;
todo;SPANISH;all;;;
nos;SPANISH;us;;;
durante;SPANISH;during;;;
todos;SPANISH;all;;;
uno;SPANISH;a;;;
les;SPANISH;to them;;;
ni;SPANISH;nor;;;
contra;SPANISH;against;;;
otros;SPANISH;other;;;
ese;SPANISH;that;;;
eso;SPANISH;that;;;
ante;SPANISH;before;;;
ellos;SPANISH;they;;;
e;SPANISH;and (variant of y);;;
esto;SPANISH;this;;;
mí;SPANISH;me;;;
antes;SPANISH;before;;;
algunos;SPANISH;some;;;
qué;SPANISH;what?;;;
unos;SPANISH;a;;;
yo;SPANISH;I;;;
otro;SPANISH;other;;;
otras;SPANISH;other;;;
otra;SPANISH;other;;;
él;SPANISH;he;;;
tanto;SPANISH;so much, many;;;
esa;SPANISH;that;;;
estos;SPANISH;these;;;
mucho;SPANISH;much, many;;;
quienes;SPANISH;who;;;
nada;SPANISH;nothing;;;
muchos;SPANISH;many;;;
cual;SPANISH;who;;;
poco;SPANISH;few;;;
ella;SPANISH;she;;;
estar;SPANISH;to be;;;
estas;SPANISH;these;;;
algunas;SPANISH;some;;;
algo;SPANISH;something;;;
nosotros;SPANISH;we;;;
mi;SPANISH;me;yes  ;;note E
mis;SPANISH;mi plural;;;
tú;SPANISH;thou;;;
te;SPANISH;thee;;;
ti;SPANISH;thee;;;
tu;SPANISH;thy;;;
tus;SPANISH;tu plural;;;
ellas;SPANISH;they;;;
nosotras;SPANISH;we;;;
vosotros;SPANISH;you;;;
vosotras;SPANISH;you;;;
os;SPANISH;you;yes  ;;means bone
mío;SPANISH;mine;;;
mía;SPANISH;;;;
míos;SPANISH;;;;
mías;SPANISH;;;;
tuyo;SPANISH;thine;;;
tuya;SPANISH;;;;
tuyos;SPANISH;;;;
tuyas;SPANISH;;;;
suyo;SPANISH;his, hers, theirs;;;
suya;SPANISH;;;;
suyos;SPANISH;;;;
suyas;SPANISH;;;;
nuestro;SPANISH;ours;;;
nuestra;SPANISH;;;;
nuestros;SPANISH;;;;
nuestras;SPANISH;;;;
vuestro;SPANISH;yours;;;
vuestra;SPANISH;;;;
vuestros;SPANISH;;;;
vuestras;SPANISH;;;;
esos;SPANISH;those;;;
esas;SPANISH;those;;;
estoy;SPANISH;;;;
estás;SPANISH;;;;
está;SPANISH;;;;
estamos;SPANISH;;;;
estáis;SPANISH;;;;
están;SPANISH;;;;
esté;SPANISH;;;;
estés;SPANISH;;;;
estemos;SPANISH;;;;
estéis;SPANISH;;;;
estén;SPANISH;;;;
estaré;SPANISH;;;;
estarás;SPANISH;;;;
estará;SPANISH;;;;
estaremos;SPANISH;;;;
estaréis;SPANISH;;;;
estarán;SPANISH;;;;
estaría;SPANISH;;;;
estarías;SPANISH;;;;
estaríamos;SPANISH;;;;
estaríais;SPANISH;;;;
estarían;SPANISH;;;;
estaba;SPANISH;;;;
estabas;SPANISH;;;;
estábamos;SPANISH;;;;
estabais;SPANISH;;;;
estaban;SPANISH;;;;
estuve;SPANISH;;;;
estuviste;SPANISH;;;;
estuvo;SPANISH;;;;
estuvimos;SPANISH;;;;
estuvisteis;SPANISH;;;;
estuvieron;SPANISH;;;;
estuviera;SPANISH;;;;
estuvieras;SPANISH;;;;
estuviéramos;SPANISH;;;;
estuvierais;SPANISH;;;;
estuvieran;SPANISH;;;;
estuviese;SPANISH;;;;
estuvieses;SPANISH;;;;
estuviésemos;SPANISH;;;;
estuvieseis;SPANISH;;;;
estuviesen;SPANISH;;;;
estando;SPANISH;;;;
estado;SPANISH;;;;
estada;SPANISH;;;;
estados;SPANISH;;;;
estadas;SPANISH;;;;
estad;SPANISH;;;;
he;SPANISH;;;;
has;SPANISH;;;;
ha;SPANISH;;;;
hemos;SPANISH;;;;
habéis;SPANISH;;;;
han;SPANISH;;yes  ;;name of the Chinese people and of a shell
haya;SPANISH;;;;
hayas;SPANISH;;;;
hayamos;SPANISH;;;;
hayáis;SPANISH;;;;
hayan;SPANISH;;;;
habré;SPANISH;;;;
habrás;SPANISH;;;;
habrá;SPANISH;;;;
habremos;SPANISH;;;;
habréis;SPANISH;;;;
habrán;SPANISH;;;;
habría;SPANISH;;;;
habrías;SPANISH;;;;
habríamos;SPANISH;;;;
habríais;SPANISH;;;;
habrían;SPANISH;;;;
había;SPANISH;;;;
habías;SPANISH;;;;
habíamos;SPANISH;;;;
habíais;SPANISH;;;;
habían;SPANISH;;;;
hube;SPANISH;;;;
hubiste;SPANISH;;;;
hubo;SPANISH;;;;
hubimos;SPANISH;;;;
hubisteis;SPANISH;;;;
hubieron;SPANISH;;;;
hubiera;SPANISH;;;;
hubieras;SPANISH;;;;
hubiéramos;SPANISH;;;;
hubierais;SPANISH;;;;
hubieran;SPANISH;;;;
hubiese;SPANISH;;;;
hubieses;SPANISH;;;;
hubiésemos;SPANISH;;;;
hubieseis;SPANISH;;;;
hubiesen;SPANISH;;;;
habiendo;SPANISH;;;;
habido;SPANISH;;;;
habida;SPANISH;;;;
habidos;SPANISH;;;;
habidas;SPANISH;;;;
soy;SPANISH;;;;
eres;SPANISH;;;;
es;SPANISH;;;;
somos;SPANISH;;;;
sois;SPANISH;;;;
son;SPANISH;;;;
sea;SPANISH;;;;
seas;SPANISH;;;;
seamos;SPANISH;;;;
seáis;SPANISH;;;;
sean;SPANISH;;yes (probably);;very common first name in Irish
seré;SPANISH;;;;
serás;SPANISH;;;;
será;SPANISH;;;;
seremos;SPANISH;;;;
seréis;SPANISH;;;;
serán;SPANISH;;;;
sería;SPANISH;;;;
serías;SPANISH;;;;
seríamos;SPANISH;;;;
seríais;SPANISH;;;;
serían;SPANISH;;;;
era;SPANISH;;;;
eras;SPANISH;;;;
éramos;SPANISH;;;;
erais;SPANISH;;;;
eran;SPANISH;;;;
fui;SPANISH;;;;
fuiste;SPANISH;;;;
fue;SPANISH;;;;
fuimos;SPANISH;;;;
fuisteis;SPANISH;;;;
fueron;SPANISH;;;;
fuera;SPANISH;;;;
fueras;SPANISH;;;;
fuéramos;SPANISH;;;;
fuerais;SPANISH;;;;
fueran;SPANISH;;;;
fuese;SPANISH;;;;
fueses;SPANISH;;;;
fuésemos;SPANISH;;;;
fueseis;SPANISH;;;;
fuesen;SPANISH;;;;
siendo;SPANISH;;;;
sido;SPANISH;;;;
tengo;SPANISH;;;;
tienes;SPANISH;;;;
tiene;SPANISH;;;;
tenemos;SPANISH;;;;
tenéis;SPANISH;;;;
tienen;SPANISH;;;;
tenga;SPANISH;;;;
tengas;SPANISH;;;;
tengamos;SPANISH;;;;
tengáis;SPANISH;;;;
tengan;SPANISH;;;;
tendré;SPANISH;;;;
tendrás;SPANISH;;;;
tendrá;SPANISH;;;;
tendremos;SPANISH;;;;
tendréis;SPANISH;;;;
tendrán;SPANISH;;;;
tendría;SPANISH;;;;
tendrías;SPANISH;;;;
tendríamos;SPANISH;;;;
tendríais;SPANISH;;;;
tendrían;SPANISH;;;;
tenía;SPANISH;;;;
tenías;SPANISH;;;;
teníamos;SPANISH;;;;
teníais;SPANISH;;;;
tenían;SPANISH;;;;
tuve;SPANISH;;;;
tuviste;SPANISH;;;;
tuvo;SPANISH;;;;
tuvimos;SPANISH;;;;
tuvisteis;SPANISH;;;;
tuvieron;SPANISH;;;;
tuviera;SPANISH;;;;
tuvieras;SPANISH;;;;
tuviéramos;SPANISH;;;;
tuvierais;SPANISH;;;;
tuvieran;SPANISH;;;;
tuviese;SPANISH;;;;
tuvieses;SPANISH;;;;
tuviésemos;SPANISH;;;;
tuvieseis;SPANISH;;;;
tuviesen;SPANISH;;;;
teniendo;SPANISH;;;;
tenido;SPANISH;;;;
tenida;SPANISH;;;;
tenidos;SPANISH;;;;
tenidas;SPANISH;;;;
tened;SPANISH;;;;
och;SWEDISH;and;;;
det;SWEDISH;it, this/that;;;
att;SWEDISH;to (with infinitive);;;
i;SWEDISH;in, at;;;
en;SWEDISH;a;;;
jag;SWEDISH;I;;;
hon;SWEDISH;she;;;
som;SWEDISH;who, that;;;
han;SWEDISH;he;yes  ;;name of the Chinese people and of a shell
på;SWEDISH;on;;;
den;SWEDISH;it, this/that;;;
med;SWEDISH;with;;;
var;SWEDISH;where, each;yes;;name of a French department
sig;SWEDISH;him(self) etc;;;
för;SWEDISH;for;;;
så;SWEDISH;so (also: seed);;;
till;SWEDISH;to;;;
är;SWEDISH;is;;;
men;SWEDISH;but;;;
ett;SWEDISH;a;;;
om;SWEDISH;if, around, about;;;
hade;SWEDISH;had;;;
de;SWEDISH;they, these/those;;;
av;SWEDISH;of;;;
icke;SWEDISH;not, no;;;
mig;SWEDISH;me;;;
du;SWEDISH;you;;;
henne;SWEDISH;her;;;
då;SWEDISH;then, when;;;
sin;SWEDISH;his;;;
nu;SWEDISH;now;;;
har;SWEDISH;have;;;
inte;SWEDISH;inte någon = no one;;;
hans;SWEDISH;his;yes  ;;very common first name in lot of languages, including French (well, Alsaciens)
honom;SWEDISH;him;;;
skulle;SWEDISH;'sake';;;
hennes;SWEDISH;her;;;
där;SWEDISH;there;;;
min;SWEDISH;my;;;
man;SWEDISH;one (pronoun);yes  ;;place name (Island of Man)
ej;SWEDISH;nor;;;
vid;SWEDISH;at, by, on (also: vast);;;
kunde;SWEDISH;could;;;
något;SWEDISH;some etc;;;
från;SWEDISH;from, off;;;
ut;SWEDISH;out;yes;;note C (as do)
när;SWEDISH;when;;;
efter;SWEDISH;after, behind;;;
upp;SWEDISH;up;;;
vi;SWEDISH;we;;;
dem;SWEDISH;them;;;
vara;SWEDISH;be;;;
vad;SWEDISH;what;;;
över;SWEDISH;over;;;
än;SWEDISH;than;;;
dig;SWEDISH;you;;;
kan;SWEDISH;can;;;
sina;SWEDISH;his;;;
här;SWEDISH;here;;;
ha;SWEDISH;have;;;
mot;SWEDISH;towards;yes  ; ;means word!
alla;SWEDISH;all;;;
under;SWEDISH;under (also: wonder);;;
någon;SWEDISH;some etc;;;
eller;SWEDISH;or (else);;;
allt;SWEDISH;all;;;
mycket;SWEDISH;much;;;
sedan;SWEDISH;since;yes  ; ;city in the north of France
ju;SWEDISH;why;;;
denna;SWEDISH;this/that;;;
själv;SWEDISH;myself, yourself etc;;;
detta;SWEDISH;this/that;;;
åt;SWEDISH;to;;;
utan;SWEDISH;without;;;
varit;SWEDISH;was;;;
hur;SWEDISH;how;;;
ingen;SWEDISH;no;;;
mitt;SWEDISH;my;;;
ni;SWEDISH;you;;;
bli;SWEDISH;to be, become;;;
blev;SWEDISH;from bli;;;
oss;SWEDISH;us;;;
din;SWEDISH;thy;;;
dessa;SWEDISH;these/those;;;
några;SWEDISH;some etc;;;
deras;SWEDISH;their;;;
blir;SWEDISH;from bli;;;
mina;SWEDISH;my;;;
samma;SWEDISH;(the) same;;;
vilken;SWEDISH;who, that;;;
er;SWEDISH;you, your;;;
sådan;SWEDISH;such a;;;
vår;SWEDISH;our;;;
blivit;SWEDISH;from bli;;;
dess;SWEDISH;its;;;
inom;SWEDISH;within;;;
mellan;SWEDISH;between;;;
sådant;SWEDISH;such a;;;
varför;SWEDISH;why;;;
varje;SWEDISH;each;;;
vilka;SWEDISH;who, that;;;
ditt;SWEDISH;thy;;;
vem;SWEDISH;who;;;
vilket;SWEDISH;who, that;;;
sitta;SWEDISH;his;;;
sådana;SWEDISH;such a;;;
vart;SWEDISH;each;;;
dina;SWEDISH;thy;;;
vars;SWEDISH;whose;;;
vårt;SWEDISH;our;;;
våra;SWEDISH;our;;;
ert;SWEDISH;your;;;
era;SWEDISH;your;;;
vilkas;SWEDISH;whose;;;
